flow_type,customs_office,product,partner,value
export,Les Sables d'Olonne,autres produits,Ports francs et petites îles,15120
export,Les Sables d'Olonne,autres produits,Ports francs et petites îles,19944
export,Les Sables d'Olonne,autres produits,Ports francs et petites îles,1800
export,Les Sables d'Olonne,autres produits,Ports francs et petites îles,6000
export,Les Sables d'Olonne,autres produits,Ports francs et petites îles,38880
export,La Rochelle,"produit colonial ('Café', 'Sucre', 'Indigo', 'Coton non transformé')",Indéterminé (supposé réexportations vers Europe),2622875
export,Les Sables d'Olonne,autres produits,Ports francs et petites îles,6500
export,Les Sables d'Olonne,autres produits,Ports francs et petites îles,477.00003
export,Les Sables d'Olonne,autres produits,Ports francs et petites îles,800
export,Les Sables d'Olonne,autres produits,Ports francs et petites îles,1603
export,Les Sables d'Olonne,autres produits,Ports francs et petites îles,250
export,Les Sables d'Olonne,autres produits,Ports francs et petites îles,783
export,Les Sables d'Olonne,autres produits,Ports francs et petites îles,864
export,Les Sables d'Olonne,autres produits,Ports francs et petites îles,210.00002
export,Les Sables d'Olonne,autres produits,Ports francs et petites îles,384
export,Les Sables d'Olonne,autres produits,Ports francs et petites îles,554
export,Les Sables d'Olonne,autres produits,Ports francs et petites îles,5700
export,La Rochelle,"produit colonial ('Café', 'Sucre', 'Indigo', 'Coton non transformé')",Indéterminé (supposé réexportations vers Europe),5984
export,Les Sables d'Olonne,autres produits,Ports francs et petites îles,1673
export,Les Sables d'Olonne,autres produits,Ports francs et petites îles,1010
export,Les Sables d'Olonne,autres produits,Ports francs et petites îles,223
export,Les Sables d'Olonne,autres produits,Ports francs et petites îles,128
export,Les Sables d'Olonne,autres produits,Ports francs et petites îles,2020
export,Les Sables d'Olonne,autres produits,Ports francs et petites îles,838.79999
export,Les Sables d'Olonne,autres produits,Ports francs et petites îles,848.70001
export,Les Sables d'Olonne,sel,Ports francs et petites îles,3379.375
export,Les Sables d'Olonne,sel,Ports francs et petites îles,350.125
export,La Rochelle,"produit colonial ('Café', 'Sucre', 'Indigo', 'Coton non transformé')",Indéterminé (supposé réexportations vers Europe),262275
export,Les Sables d'Olonne,autres produits,Ports francs et petites îles,187
export,Aligre,autres produits,Ports francs et petites îles,120
export,Aligre,autres produits,Ports francs et petites îles,420
export,Aligre,autres produits,Ports francs et petites îles,480
export,Aligre,autres produits,Ports francs et petites îles,180
export,Aligre,autres produits,Ports francs et petites îles,600
export,Aligre,autres produits,Ports francs et petites îles,553.5
export,Aligre,autres produits,Ports francs et petites îles,126817
export,La Rochelle,autres produits,Indéterminé (supposé réexportations vers Europe),3714
export,Aligre,autres produits,Ports francs et petites îles,2747
export,Aligre,autres produits,Ports francs et petites îles,164
export,Aligre,autres produits,Ports francs et petites îles,138
export,Aligre,autres produits,Ports francs et petites îles,351
export,Aligre,autres produits,Ports francs et petites îles,1065
export,La Rochelle,"produit colonial ('Café', 'Sucre', 'Indigo', 'Coton non transformé')",Indéterminé (supposé réexportations vers Europe),193563
export,Aligre,autres produits,Ports francs et petites îles,16984.77
export,Aligre,autres produits,Ports francs et petites îles,10983.5
export,Aligre,autres produits,Ports francs et petites îles,402
export,Aligre,autres produits,Ports francs et petites îles,102.5
export,Aligre,autres produits,Ports francs et petites îles,12226
export,La Rochelle,"produit colonial ('Café', 'Sucre', 'Indigo', 'Coton non transformé')",Indéterminé (supposé réexportations vers Europe),1273150
export,Aligre,autres produits,Ports francs et petites îles,242
export,Aligre,autres produits,Ports francs et petites îles,595
export,Aligre,autres produits,Ports francs et petites îles,396
export,Aligre,autres produits,Ports francs et petites îles,586
export,Aligre,autres produits,Ports francs et petites îles,150
export,Aligre,autres produits,Ports francs et petites îles,330
export,Aligre,autres produits,Ports francs et petites îles,469
export,La Rochelle,"produit colonial ('Café', 'Sucre', 'Indigo', 'Coton non transformé')",Indéterminé (supposé réexportations vers Europe),730943
export,Aligre,autres produits,Ports francs et petites îles,227277.5
export,Aligre,autres produits,Ports francs et petites îles,135
export,Aligre,autres produits,Ports francs et petites îles,110
export,Aligre,autres produits,Ports francs et petites îles,1035
export,Aligre,autres produits,Ports francs et petites îles,133
export,Aligre,autres produits,Ports francs et petites îles,234
export,Aligre,autres produits,Ports francs et petites îles,696
export,Aligre,autres produits,Ports francs et petites îles,224
export,La Rochelle,autres produits,Indéterminé (supposé réexportations vers Europe),43594
export,Aligre,autres produits,Ports francs et petites îles,349830
export,Aligre,autres produits,Ports francs et petites îles,18650
export,Aligre,autres produits,Ports francs et petites îles,7820.7998
export,Aligre,autres produits,Ports francs et petites îles,3224
export,Aligre,autres produits,Ports francs et petites îles,26991.002
export,Aligre,autres produits,Ports francs et petites îles,45135
export,Aligre,autres produits,Ports francs et petites îles,165
export,Aligre,autres produits,Ports francs et petites îles,198
export,Aligre,autres produits,Ports francs et petites îles,825
export,Aligre,autres produits,Ports francs et petites îles,1737.0001
export,Aligre,autres produits,Ports francs et petites îles,200
export,Aligre,autres produits,Ports francs et petites îles,597
export,Aligre,autres produits,Ports francs et petites îles,400
export,Aligre,autres produits,Ports francs et petites îles,625
export,Aligre,autres produits,Ports francs et petites îles,737
export,Aligre,autres produits,Ports francs et petites îles,245
export,Aligre,autres produits,Ports francs et petites îles,15203
export,Aligre,autres produits,Ports francs et petites îles,896
export,Aligre,autres produits,Ports francs et petites îles,731
export,Aligre,autres produits,Ports francs et petites îles,760
export,Aligre,autres produits,Ports francs et petites îles,1519
export,Aligre,autres produits,Ports francs et petites îles,144
export,Aligre,autres produits,Ports francs et petites îles,330
export,Aligre,autres produits,Ports francs et petites îles,3042.5
export,Aligre,autres produits,Ports francs et petites îles,444
export,Aligre,autres produits,Ports francs et petites îles,250
export,Aligre,autres produits,Ports francs et petites îles,762
export,Rochefort,autres produits,Ports francs et petites îles,1438.86
export,Rochefort,autres produits,Ports francs et petites îles,522
export,Rochefort,eau-de-vie et vins divers,Europe,4128.48
export,Rochefort,eau-de-vie et vins divers,Grande Bretagne,143136
export,Rochefort,eau-de-vie et vins divers,Europe,10238.976
export,Rochefort,eau-de-vie et vins divers,Grande Bretagne,100157.9
export,Rochefort,autres produits,Ports francs et petites îles,1015
export,Rochefort,autres produits,Ports francs et petites îles,1639
export,Rochefort,autres produits,Europe,3200
export,Rochefort,autres produits,Europe,6280
export,Rochefort,autres produits,Ports francs et petites îles,170
export,Rochefort,autres produits,Europe,840
export,Rochefort,eau-de-vie et vins divers,Ports francs et petites îles,800
export,Rochefort,eau-de-vie et vins divers,Europe,300
export,Rochefort,eau-de-vie et vins divers,Grande Bretagne,187
export,Rochefort,autres produits,Ports francs et petites îles,120
export,Charente,autres produits,Ports francs et petites îles,57159
export,Charente,autres produits,Ports francs et petites îles,1361
export,Charente,autres produits,Ports francs et petites îles,3100
export,Charente,autres produits,Ports francs et petites îles,165
export,Charente,autres produits,Ports francs et petites îles,1267.5
export,Charente,eau-de-vie et vins divers,Ports francs et petites îles,321878.63
export,Charente,eau-de-vie et vins divers,Ports francs et petites îles,208.16299
export,Charente,eau-de-vie et vins divers,Europe,13098.101
export,Charente,eau-de-vie et vins divers,Grande Bretagne,1920354.3
export,Charente,eau-de-vie et vins divers,Europe,2627.3
export,Charente,eau-de-vie et vins divers,Europe,63863.602
export,Charente,eau-de-vie et vins divers,Europe,188167.23
export,Charente,eau-de-vie et vins divers,Europe,62735.887
export,Charente,eau-de-vie et vins divers,Ports francs et petites îles,305356
export,Charente,eau-de-vie et vins divers,Europe,28242.432
export,Charente,eau-de-vie et vins divers,Grande Bretagne,2577261.3
export,Charente,eau-de-vie et vins divers,Europe,7704.5757
export,Charente,eau-de-vie et vins divers,Europe,2055.168
export,Charente,eau-de-vie et vins divers,Europe,211129.33
export,Charente,eau-de-vie et vins divers,Europe,23802.623
export,Charente,autres produits,Ports francs et petites îles,1122
export,Charente,autres produits,Ports francs et petites îles,3248
export,Charente,autres produits,Grande Bretagne,49768.559
export,Charente,autres produits,Ports francs et petites îles,2137.2
export,Charente,autres produits,Ports francs et petites îles,400
export,Charente,autres produits,Ports francs et petites îles,976
export,Charente,autres produits,Ports francs et petites îles,120.00001
export,Charente,autres produits,Grande Bretagne,600
export,Charente,autres produits,Ports francs et petites îles,619
export,Charente,autres produits,Grande Bretagne,137
export,Charente,autres produits,Ports francs et petites îles,3636
export,Charente,autres produits,Ports francs et petites îles,1003
export,Charente,autres produits,Ports francs et petites îles,2800
export,Charente,autres produits,Grande Bretagne,400
export,Charente,autres produits,Ports francs et petites îles,105
export,Charente,autres produits,Ports francs et petites îles,6538
export,Charente,autres produits,Ports francs et petites îles,3044
export,Charente,eau-de-vie et vins divers,Ports francs et petites îles,125
export,Charente,eau-de-vie et vins divers,Europe,6000
export,Charente,eau-de-vie et vins divers,Europe,1026
export,Marennes,autres produits,Ports francs et petites îles,6192
export,Marennes,autres produits,Ports francs et petites îles,810
export,Marennes,autres produits,Ports francs et petites îles,300
export,Marennes,autres produits,Ports francs et petites îles,1800
export,Marennes,autres produits,Ports francs et petites îles,625
export,Marennes,autres produits,Ports francs et petites îles,375
export,Marennes,eau-de-vie et vins divers,Grande Bretagne,2040.48
export,Marennes,eau-de-vie et vins divers,Europe,8316
export,Marennes,eau-de-vie et vins divers,Europe,46480.32
export,Marennes,eau-de-vie et vins divers,Europe,587.52002
export,Marennes,eau-de-vie et vins divers,Ports francs et petites îles,57177.645
export,Marennes,eau-de-vie et vins divers,Ports francs et petites îles,7893.0718
export,Marennes,eau-de-vie et vins divers,Ports francs et petites îles,26623.871
export,Marennes,eau-de-vie et vins divers,Europe,7479.6479
export,Marennes,eau-de-vie et vins divers,Europe,206605.86
export,Marennes,eau-de-vie et vins divers,Europe,2420.3518
export,Marennes,autres produits,Ports francs et petites îles,180
export,Marennes,autres produits,Ports francs et petites îles,210
export,Marennes,autres produits,Ports francs et petites îles,117
export,Marennes,autres produits,Ports francs et petites îles,868
export,Marennes,sel,Ports francs et petites îles,176559.75
export,Marennes,sel,Ports francs et petites îles,2592
export,Marennes,sel,Europe,1279.7999
export,Marennes,sel,Grande Bretagne,5487.75
export,Marennes,sel,Europe,30035.248
export,Marennes,sel,Europe,3806.9998
export,Marennes,sel,Europe,6455.6997
export,Marennes,sel,Europe,20663.1
export,Marennes,sel,Ports francs et petites îles,1575.45
export,Marennes,sel,Ports francs et petites îles,35640
export,Marennes,sel,Europe,6690.5996
export,Marennes,sel,Grande Bretagne,25261.873
export,Marennes,sel,Europe,35475.973
export,Marennes,sel,Reste du monde (USA),6171.5249
export,Marennes,autres produits,Ports francs et petites îles,300
export,Marennes,eau-de-vie et vins divers,Ports francs et petites îles,5832
export,Marennes,eau-de-vie et vins divers,Ports francs et petites îles,2916
export,Marennes,eau-de-vie et vins divers,Ports francs et petites îles,4536
export,Marennes,eau-de-vie et vins divers,Europe,12083.399
export,Marennes,eau-de-vie et vins divers,Ports francs et petites îles,864
export,Marennes,eau-de-vie et vins divers,Ports francs et petites îles,7398
export,Marennes,eau-de-vie et vins divers,Ports francs et petites îles,1647
export,Marennes,eau-de-vie et vins divers,Europe,3348
export,Marennes,eau-de-vie et vins divers,Ports francs et petites îles,12873.6
export,Marennes,eau-de-vie et vins divers,Ports francs et petites îles,1382.3999
export,Marennes,eau-de-vie et vins divers,Europe,96681.594
export,Marennes,eau-de-vie et vins divers,Europe,10454.399
export,Marennes,eau-de-vie et vins divers,Ports francs et petites îles,1844.46
export,Marennes,eau-de-vie et vins divers,Europe,4702.5
export,Marennes,eau-de-vie et vins divers,Europe,1350
export,La Rochelle,autres produits,Ports francs et petites îles,150
export,La Rochelle,autres produits,Ports francs et petites îles,850
export,La Rochelle,autres produits,Ports francs et petites îles,345
export,La Rochelle,autres produits,Ports francs et petites îles,144
export,La Rochelle,autres produits,Ports francs et petites îles,556
export,La Rochelle,autres produits,Ports francs et petites îles,840
export,La Rochelle,autres produits,Ports francs et petites îles,300
export,La Rochelle,autres produits,Ports francs et petites îles,300
export,La Rochelle,autres produits,Ports francs et petites îles,130
export,La Rochelle,autres produits,Ports francs et petites îles,8805
export,La Rochelle,autres produits,Ports francs et petites îles,240
export,La Rochelle,autres produits,Ports francs et petites îles,264
export,La Rochelle,autres produits,Ports francs et petites îles,870
export,La Rochelle,autres produits,Ports francs et petites îles,120
export,La Rochelle,autres produits,Ports francs et petites îles,1098
export,La Rochelle,autres produits,Ports francs et petites îles,1017.8
export,La Rochelle,autres produits,Ports francs et petites îles,1684
export,La Rochelle,autres produits,Ports francs et petites îles,2665
export,La Rochelle,autres produits,Ports francs et petites îles,210
export,La Rochelle,autres produits,Ports francs et petites îles,350
export,La Rochelle,autres produits,Ports francs et petites îles,1344
export,La Rochelle,autres produits,Ports francs et petites îles,660
export,La Rochelle,autres produits,Ports francs et petites îles,1320
export,La Rochelle,autres produits,Ports francs et petites îles,520
export,La Rochelle,autres produits,Ports francs et petites îles,1950
export,La Rochelle,autres produits,Europe,8000
export,La Rochelle,autres produits,Ports francs et petites îles,267.20001
export,La Rochelle,eau-de-vie et vins divers,Europe,2640.5278
export,La Rochelle,eau-de-vie et vins divers,Europe,3343.824
export,La Rochelle,eau-de-vie et vins divers,Europe,2776.752
export,La Rochelle,"produit colonial ('Café', 'Sucre', 'Indigo', 'Coton non transformé')",Ports francs et petites îles,1399.1001
export,La Rochelle,autres produits,Ports francs et petites îles,120
export,La Rochelle,autres produits,Ports francs et petites îles,108
export,La Rochelle,autres produits,Ports francs et petites îles,539
export,La Rochelle,autres produits,Ports francs et petites îles,7135
export,La Rochelle,autres produits,Ports francs et petites îles,2172
export,La Rochelle,autres produits,Ports francs et petites îles,1840
export,La Rochelle,autres produits,Ports francs et petites îles,1899
export,La Rochelle,autres produits,Ports francs et petites îles,618
export,La Rochelle,autres produits,Ports francs et petites îles,2092
export,La Rochelle,autres produits,Ports francs et petites îles,416
export,La Rochelle,autres produits,Ports francs et petites îles,144
export,La Rochelle,autres produits,Ports francs et petites îles,4372.5
export,La Rochelle,autres produits,Ports francs et petites îles,1980
export,La Rochelle,autres produits,Ports francs et petites îles,120
export,La Rochelle,autres produits,Ports francs et petites îles,7198.875
export,La Rochelle,autres produits,Ports francs et petites îles,2500
export,La Rochelle,autres produits,Ports francs et petites îles,7200
export,La Rochelle,autres produits,Ports francs et petites îles,1248
export,La Rochelle,autres produits,Ports francs et petites îles,450
export,La Rochelle,autres produits,Ports francs et petites îles,5040
export,La Rochelle,autres produits,Ports francs et petites îles,1050
export,La Rochelle,autres produits,Ports francs et petites îles,8280
export,La Rochelle,autres produits,Ports francs et petites îles,220
export,La Rochelle,autres produits,Ports francs et petites îles,1840
export,La Rochelle,autres produits,Ports francs et petites îles,1260
export,La Rochelle,autres produits,Ports francs et petites îles,177.60001
export,La Rochelle,autres produits,Ports francs et petites îles,4172.75
export,La Rochelle,autres produits,Ports francs et petites îles,4931
export,La Rochelle,autres produits,Ports francs et petites îles,722
export,La Rochelle,autres produits,Ports francs et petites îles,1991
export,La Rochelle,autres produits,Ports francs et petites îles,2068
export,La Rochelle,autres produits,Ports francs et petites îles,600
export,La Rochelle,autres produits,Ports francs et petites îles,288
export,La Rochelle,autres produits,Ports francs et petites îles,234
export,La Rochelle,autres produits,Ports francs et petites îles,144
export,La Rochelle,autres produits,Ports francs et petites îles,117
export,La Rochelle,autres produits,Ports francs et petites îles,2508
export,La Rochelle,autres produits,Ports francs et petites îles,240
export,La Rochelle,autres produits,Ports francs et petites îles,2145
export,La Rochelle,autres produits,Ports francs et petites îles,838
export,La Rochelle,autres produits,Ports francs et petites îles,342
export,La Rochelle,autres produits,Ports francs et petites îles,3312
export,La Rochelle,autres produits,Ports francs et petites îles,775.59998
export,La Rochelle,autres produits,Ports francs et petites îles,204.8
export,La Rochelle,autres produits,Ports francs et petites îles,420
export,La Rochelle,autres produits,Ports francs et petites îles,163.8
export,La Rochelle,autres produits,Ports francs et petites îles,361.5
export,La Rochelle,autres produits,Ports francs et petites îles,1005.0001
export,La Rochelle,autres produits,Ports francs et petites îles,240
export,La Rochelle,autres produits,Ports francs et petites îles,110
export,La Rochelle,autres produits,Ports francs et petites îles,745.5
export,La Rochelle,autres produits,Ports francs et petites îles,168
export,La Rochelle,autres produits,Ports francs et petites îles,5095.75
export,La Rochelle,autres produits,Ports francs et petites îles,442
export,La Rochelle,autres produits,Ports francs et petites îles,621.25
export,La Rochelle,autres produits,Ports francs et petites îles,152
export,La Rochelle,autres produits,Ports francs et petites îles,483
export,La Rochelle,autres produits,Ports francs et petites îles,3447.5
export,La Rochelle,autres produits,Ports francs et petites îles,220
export,La Rochelle,autres produits,Ports francs et petites îles,54732
export,La Rochelle,autres produits,Ports francs et petites îles,265
export,La Rochelle,autres produits,Ports francs et petites îles,870
export,La Rochelle,autres produits,Ports francs et petites îles,424
export,La Rochelle,autres produits,Ports francs et petites îles,237.5
export,La Rochelle,autres produits,Ports francs et petites îles,5055
export,La Rochelle,autres produits,Ports francs et petites îles,393
export,La Rochelle,autres produits,Ports francs et petites îles,200
export,La Rochelle,autres produits,Ports francs et petites îles,350
export,La Rochelle,autres produits,Ports francs et petites îles,406
export,La Rochelle,autres produits,Ports francs et petites îles,525
export,La Rochelle,autres produits,Ports francs et petites îles,961.5
export,La Rochelle,autres produits,Ports francs et petites îles,600
export,La Rochelle,autres produits,Ports francs et petites îles,3900
export,La Rochelle,autres produits,Ports francs et petites îles,150
export,La Rochelle,autres produits,Ports francs et petites îles,911
export,La Rochelle,autres produits,Ports francs et petites îles,108
export,La Rochelle,autres produits,Ports francs et petites îles,180
export,La Rochelle,autres produits,Ports francs et petites îles,525
export,La Rochelle,autres produits,Ports francs et petites îles,1380
export,La Rochelle,autres produits,Ports francs et petites îles,514.79999
export,La Rochelle,autres produits,Ports francs et petites îles,810
export,La Rochelle,autres produits,Ports francs et petites îles,2755.5
export,La Rochelle,autres produits,Ports francs et petites îles,2103.75
export,La Rochelle,autres produits,Ports francs et petites îles,234
export,La Rochelle,autres produits,Ports francs et petites îles,1676.5
export,La Rochelle,autres produits,Ports francs et petites îles,130
export,La Rochelle,autres produits,Ports francs et petites îles,1312
export,La Rochelle,autres produits,Ports francs et petites îles,3421.5
export,La Rochelle,autres produits,Ports francs et petites îles,524
export,La Rochelle,autres produits,Ports francs et petites îles,405
export,La Rochelle,autres produits,Ports francs et petites îles,247.5
export,La Rochelle,autres produits,Ports francs et petites îles,1722
export,La Rochelle,autres produits,Ports francs et petites îles,1044
export,La Rochelle,autres produits,Ports francs et petites îles,1144
export,La Rochelle,autres produits,Ports francs et petites îles,2586
export,La Rochelle,autres produits,Ports francs et petites îles,432
export,La Rochelle,autres produits,Ports francs et petites îles,1980
export,La Rochelle,autres produits,Ports francs et petites îles,360
export,La Rochelle,autres produits,Ports francs et petites îles,400
export,Saint-Martin-de-Ré,autres produits,Ports francs et petites îles,6371.25
export,Saint-Martin-de-Ré,autres produits,Ports francs et petites îles,175
export,Saint-Martin-de-Ré,autres produits,Ports francs et petites îles,490
export,Saint-Martin-de-Ré,autres produits,Ports francs et petites îles,300
export,Saint-Martin-de-Ré,eau-de-vie et vins divers,Ports francs et petites îles,56763.359
export,Saint-Martin-de-Ré,eau-de-vie et vins divers,Ports francs et petites îles,1908
export,Saint-Martin-de-Ré,eau-de-vie et vins divers,Ports francs et petites îles,175.68001
export,Saint-Martin-de-Ré,eau-de-vie et vins divers,Grande Bretagne,6311.5205
export,Saint-Martin-de-Ré,eau-de-vie et vins divers,Europe,3440.1599
export,Saint-Martin-de-Ré,eau-de-vie et vins divers,Europe,19608.48
export,Saint-Martin-de-Ré,eau-de-vie et vins divers,Europe,157432.33
export,Saint-Martin-de-Ré,eau-de-vie et vins divers,Reste du monde (USA),27080.641
export,Saint-Martin-de-Ré,eau-de-vie et vins divers,Grande Bretagne,21372.48
export,Saint-Martin-de-Ré,eau-de-vie et vins divers,Europe,5909.4004
export,Saint-Martin-de-Ré,autres produits,Ports francs et petites îles,558.60004
export,Saint-Martin-de-Ré,autres produits,Ports francs et petites îles,229.09999
export,Saint-Martin-de-Ré,autres produits,Ports francs et petites îles,320
export,Saint-Martin-de-Ré,autres produits,Ports francs et petites îles,4788
export,Saint-Martin-de-Ré,autres produits,Ports francs et petites îles,692
export,Saint-Martin-de-Ré,eau-de-vie et vins divers,Ports francs et petites îles,512
export,Saint-Martin-de-Ré,autres produits,Ports francs et petites îles,393
export,Saint-Martin-de-Ré,autres produits,Ports francs et petites îles,175
export,Saint-Martin-de-Ré,autres produits,Ports francs et petites îles,3517.8
export,Saint-Martin-de-Ré,sel,Ports francs et petites îles,6267
export,Saint-Martin-de-Ré,sel,Ports francs et petites îles,2677
export,Saint-Martin-de-Ré,sel,Grande Bretagne,28686
export,Saint-Martin-de-Ré,sel,Europe,13093
export,Saint-Martin-de-Ré,sel,Europe,21568
export,Saint-Martin-de-Ré,sel,Europe,35563
export,Saint-Martin-de-Ré,sel,Europe,14664
export,Saint-Martin-de-Ré,sel,Europe,23034
export,Saint-Martin-de-Ré,sel,Reste du monde (USA),20277
export,Saint-Martin-de-Ré,autres produits,Ports francs et petites îles,271.60001
export,Saint-Martin-de-Ré,eau-de-vie et vins divers,Europe,2500.1279
export,Saint-Martin-de-Ré,eau-de-vie et vins divers,Ports francs et petites îles,15151.393
export,Saint-Martin-de-Ré,eau-de-vie et vins divers,Ports francs et petites îles,825.12
export,Saint-Martin-de-Ré,eau-de-vie et vins divers,Europe,5500.7998
export,Saint-Martin-de-Ré,eau-de-vie et vins divers,Europe,20424.959
export,Saint-Martin-de-Ré,eau-de-vie et vins divers,Europe,52449.406
export,Saint-Martin-de-Ré,eau-de-vie et vins divers,Europe,575.13599
export,Saint-Martin-de-Ré,eau-de-vie et vins divers,Europe,6009.9834
export,Saint-Martin-de-Ré,eau-de-vie et vins divers,Europe,2124.864
export,Saint-Martin-de-Ré,autres produits,Ports francs et petites îles,7679.9233
export,Saint-Martin-de-Ré,autres produits,Ports francs et petites îles,1648.0513
export,Saint-Martin-de-Ré,autres produits,Ports francs et petites îles,540.05762
export,Saint-Martin-de-Ré,autres produits,Grande Bretagne,159.89761
export,Saint-Martin-de-Ré,autres produits,Europe,1880.0641
export,Saint-Martin-de-Ré,autres produits,Europe,17113.191
export,Saint-Martin-de-Ré,autres produits,Europe,2820.0962
export,La Rochelle,autres produits,Afrique,2480
export,La Rochelle,autres produits,Afrique,7200
export,La Rochelle,autres produits,Afrique,7674
export,La Rochelle,autres produits,Afrique,2100
export,La Rochelle,autres produits,Afrique,10158
export,La Rochelle,autres produits,"Colonies (Saint-Domingue, Indes, îles fr de l'Amérique)",391
export,La Rochelle,autres produits,"Colonies (Saint-Domingue, Indes, îles fr de l'Amérique)",260
export,La Rochelle,autres produits,Afrique,566
export,La Rochelle,autres produits,"Colonies (Saint-Domingue, Indes, îles fr de l'Amérique)",1254
export,La Rochelle,autres produits,Afrique,2359
export,La Rochelle,autres produits,Afrique,531
export,La Rochelle,autres produits,Afrique,848
export,La Rochelle,autres produits,Afrique,2043
export,La Rochelle,autres produits,Afrique,6158
export,La Rochelle,autres produits,"Colonies (Saint-Domingue, Indes, îles fr de l'Amérique)",342
export,La Rochelle,autres produits,Afrique,4685
export,La Rochelle,autres produits,"Colonies (Saint-Domingue, Indes, îles fr de l'Amérique)",900
export,La Rochelle,autres produits,Afrique,2748
export,La Rochelle,autres produits,"Colonies (Saint-Domingue, Indes, îles fr de l'Amérique)",2050
export,La Rochelle,autres produits,Afrique,4348
export,La Rochelle,autres produits,"Colonies (Saint-Domingue, Indes, îles fr de l'Amérique)",1375
export,La Rochelle,autres produits,Afrique,17376
export,La Rochelle,autres produits,Afrique,1567
export,La Rochelle,autres produits,Afrique,834
export,La Rochelle,autres produits,Afrique,783
export,La Rochelle,autres produits,Afrique,324
export,La Rochelle,autres produits,Afrique,2865
export,La Rochelle,autres produits,"Colonies (Saint-Domingue, Indes, îles fr de l'Amérique)",5955
export,La Rochelle,autres produits,Afrique,11670
export,La Rochelle,autres produits,Afrique,5871
export,La Rochelle,autres produits,"Colonies (Saint-Domingue, Indes, îles fr de l'Amérique)",820
export,La Rochelle,autres produits,Afrique,2160
export,La Rochelle,autres produits,Afrique,1260
export,La Rochelle,autres produits,Afrique,1000
export,La Rochelle,autres produits,Afrique,572
export,La Rochelle,"produit colonial ('Café', 'Sucre', 'Indigo', 'Coton non transformé')",Afrique,1745
export,La Rochelle,"produit colonial ('Café', 'Sucre', 'Indigo', 'Coton non transformé')",Afrique,548
export,La Rochelle,autres produits,Afrique,3300
export,La Rochelle,autres produits,Afrique,900
export,La Rochelle,autres produits,Afrique,126997
export,La Rochelle,autres produits,Afrique,56518
export,La Rochelle,autres produits,Afrique,106198
export,La Rochelle,autres produits,"Colonies (Saint-Domingue, Indes, îles fr de l'Amérique)",2539
export,La Rochelle,autres produits,Afrique,10062
export,La Rochelle,autres produits,Afrique,2737
export,La Rochelle,autres produits,"Colonies (Saint-Domingue, Indes, îles fr de l'Amérique)",343
export,La Rochelle,autres produits,Afrique,192
export,La Rochelle,autres produits,"Colonies (Saint-Domingue, Indes, îles fr de l'Amérique)",959
export,La Rochelle,autres produits,"Colonies (Saint-Domingue, Indes, îles fr de l'Amérique)",564
export,La Rochelle,autres produits,Afrique,3159
export,La Rochelle,autres produits,"Colonies (Saint-Domingue, Indes, îles fr de l'Amérique)",304
export,La Rochelle,autres produits,Afrique,122
export,La Rochelle,autres produits,Afrique,2800
export,La Rochelle,autres produits,Afrique,2700
export,La Rochelle,autres produits,Afrique,120
export,La Rochelle,autres produits,Afrique,4200
export,La Rochelle,autres produits,Afrique,3347
export,La Rochelle,autres produits,Afrique,14261
export,La Rochelle,autres produits,Afrique,7486
export,La Rochelle,autres produits,Afrique,2770
export,La Rochelle,autres produits,Afrique,2381
export,La Rochelle,autres produits,Afrique,29327
export,La Rochelle,autres produits,Afrique,26388
export,La Rochelle,autres produits,Afrique,1616
export,La Rochelle,autres produits,"Colonies (Saint-Domingue, Indes, îles fr de l'Amérique)",896
export,La Rochelle,autres produits,"Colonies (Saint-Domingue, Indes, îles fr de l'Amérique)",900
export,La Rochelle,autres produits,"Colonies (Saint-Domingue, Indes, îles fr de l'Amérique)",204
export,La Rochelle,autres produits,Afrique,191
export,La Rochelle,eau-de-vie et vins divers,Afrique,33957
export,La Rochelle,eau-de-vie et vins divers,Afrique,84921
export,La Rochelle,autres produits,Afrique,11920
export,La Rochelle,autres produits,Afrique,12430
export,La Rochelle,autres produits,Afrique,7425
export,La Rochelle,autres produits,Afrique,537
export,La Rochelle,autres produits,Afrique,360
export,La Rochelle,autres produits,Afrique,504
export,La Rochelle,autres produits,Afrique,4433
export,La Rochelle,autres produits,"Colonies (Saint-Domingue, Indes, îles fr de l'Amérique)",600
export,La Rochelle,autres produits,Afrique,7175
export,La Rochelle,autres produits,"Colonies (Saint-Domingue, Indes, îles fr de l'Amérique)",2610
export,La Rochelle,autres produits,Afrique,900
export,La Rochelle,autres produits,Afrique,1975
export,La Rochelle,autres produits,Afrique,1389
export,La Rochelle,autres produits,Afrique,847
export,La Rochelle,autres produits,"Colonies (Saint-Domingue, Indes, îles fr de l'Amérique)",3283
export,La Rochelle,autres produits,Afrique,3664
export,La Rochelle,autres produits,Afrique,234
export,La Rochelle,autres produits,"Colonies (Saint-Domingue, Indes, îles fr de l'Amérique)",140
export,La Rochelle,autres produits,Afrique,67021
export,La Rochelle,autres produits,Afrique,8664
export,La Rochelle,autres produits,Afrique,788
export,La Rochelle,autres produits,Afrique,1260
export,La Rochelle,autres produits,Afrique,1604
export,La Rochelle,autres produits,Afrique,738
export,La Rochelle,autres produits,Afrique,255
export,La Rochelle,autres produits,"Colonies (Saint-Domingue, Indes, îles fr de l'Amérique)",260
export,La Rochelle,autres produits,"Colonies (Saint-Domingue, Indes, îles fr de l'Amérique)",400
export,La Rochelle,autres produits,Afrique,1044
export,La Rochelle,autres produits,"Colonies (Saint-Domingue, Indes, îles fr de l'Amérique)",175
export,La Rochelle,autres produits,Afrique,3200
export,La Rochelle,autres produits,Afrique,1600
export,La Rochelle,autres produits,Afrique,3578
export,La Rochelle,autres produits,Afrique,4538
export,La Rochelle,autres produits,"Colonies (Saint-Domingue, Indes, îles fr de l'Amérique)",1200
export,La Rochelle,autres produits,"Colonies (Saint-Domingue, Indes, îles fr de l'Amérique)",278
export,La Rochelle,autres produits,Afrique,14170
export,La Rochelle,autres produits,Afrique,325
export,La Rochelle,autres produits,"Colonies (Saint-Domingue, Indes, îles fr de l'Amérique)",1355
export,La Rochelle,eau-de-vie et vins divers,"Colonies (Saint-Domingue, Indes, îles fr de l'Amérique)",288
export,La Rochelle,eau-de-vie et vins divers,Afrique,1198
export,La Rochelle,autres produits,"Colonies (Saint-Domingue, Indes, îles fr de l'Amérique)",301
export,La Rochelle,autres produits,Afrique,1170
export,La Rochelle,autres produits,Afrique,2054
export,La Rochelle,autres produits,Afrique,7965
export,La Rochelle,autres produits,Afrique,2592
export,La Rochelle,autres produits,"Colonies (Saint-Domingue, Indes, îles fr de l'Amérique)",144
export,La Rochelle,autres produits,Afrique,1884
export,La Rochelle,autres produits,"Colonies (Saint-Domingue, Indes, îles fr de l'Amérique)",1400
export,La Rochelle,autres produits,Afrique,16819
export,La Rochelle,autres produits,Afrique,375
export,La Rochelle,autres produits,Afrique,150
export,La Rochelle,autres produits,Afrique,648
export,La Rochelle,autres produits,Afrique,480
export,La Rochelle,autres produits,"Colonies (Saint-Domingue, Indes, îles fr de l'Amérique)",560
export,La Rochelle,autres produits,Afrique,11688
export,La Rochelle,autres produits,Afrique,480
export,La Rochelle,autres produits,"Colonies (Saint-Domingue, Indes, îles fr de l'Amérique)",606
export,La Rochelle,autres produits,Afrique,790
export,La Rochelle,autres produits,"Colonies (Saint-Domingue, Indes, îles fr de l'Amérique)",4280
export,La Rochelle,autres produits,Afrique,212
export,La Rochelle,autres produits,"Colonies (Saint-Domingue, Indes, îles fr de l'Amérique)",1619
export,La Rochelle,autres produits,Afrique,52593
export,La Rochelle,autres produits,Afrique,7835
export,La Rochelle,autres produits,Afrique,150
export,La Rochelle,autres produits,"Colonies (Saint-Domingue, Indes, îles fr de l'Amérique)",483
export,La Rochelle,autres produits,Afrique,1104
export,La Rochelle,autres produits,Afrique,7424
export,La Rochelle,autres produits,"Colonies (Saint-Domingue, Indes, îles fr de l'Amérique)",1485
export,La Rochelle,autres produits,"Colonies (Saint-Domingue, Indes, îles fr de l'Amérique)",2105
export,La Rochelle,autres produits,"Colonies (Saint-Domingue, Indes, îles fr de l'Amérique)",2100
export,La Rochelle,"produit colonial ('Café', 'Sucre', 'Indigo', 'Coton non transformé')",Afrique,1204
export,La Rochelle,"produit colonial ('Café', 'Sucre', 'Indigo', 'Coton non transformé')",Afrique,451
export,La Rochelle,autres produits,Afrique,189
export,La Rochelle,autres produits,Afrique,8208
export,La Rochelle,autres produits,Afrique,29946
export,La Rochelle,autres produits,Afrique,2940
export,La Rochelle,autres produits,Afrique,15906
export,La Rochelle,autres produits,Afrique,10476
export,La Rochelle,autres produits,Afrique,5000
export,La Rochelle,autres produits,Afrique,225
export,La Rochelle,autres produits,Afrique,480
export,La Rochelle,autres produits,Afrique,43476
export,La Rochelle,autres produits,"Colonies (Saint-Domingue, Indes, îles fr de l'Amérique)",13599
export,La Rochelle,autres produits,Afrique,2400
export,La Rochelle,autres produits,Afrique,2408
export,La Rochelle,autres produits,Afrique,168
export,La Rochelle,autres produits,Afrique,2800
export,La Rochelle,autres produits,Afrique,280
export,La Rochelle,autres produits,Afrique,
export,La Rochelle,autres produits,Afrique,11900
export,La Rochelle,autres produits,Afrique,1224
export,La Rochelle,autres produits,Afrique,240
export,La Rochelle,autres produits,Afrique,34956
export,La Rochelle,autres produits,Afrique,31986
export,La Rochelle,autres produits,Afrique,149859
export,La Rochelle,autres produits,Afrique,7560
export,La Rochelle,autres produits,Afrique,23625
export,La Rochelle,autres produits,Afrique,980
export,La Rochelle,autres produits,Afrique,375
export,La Rochelle,autres produits,Afrique,16110
export,La Rochelle,autres produits,Afrique,1221
export,La Rochelle,autres produits,Afrique,1200
export,La Rochelle,autres produits,Afrique,168456
export,La Rochelle,autres produits,Afrique,800
export,La Rochelle,autres produits,Afrique,3000
export,La Rochelle,autres produits,Afrique,420
export,La Rochelle,autres produits,Afrique,9600
export,La Rochelle,autres produits,Afrique,17570
export,La Rochelle,autres produits,Afrique,6600
export,La Rochelle,autres produits,Afrique,3300
export,La Rochelle,autres produits,Afrique,2400
export,La Rochelle,autres produits,Afrique,5040
export,La Rochelle,autres produits,"Colonies (Saint-Domingue, Indes, îles fr de l'Amérique)",120
export,La Rochelle,autres produits,Afrique,586
export,La Rochelle,autres produits,Afrique,1982
export,La Rochelle,autres produits,Afrique,266
export,La Rochelle,autres produits,Afrique,132
export,La Rochelle,eau-de-vie et vins divers,"Colonies (Saint-Domingue, Indes, îles fr de l'Amérique)",200
export,La Rochelle,eau-de-vie et vins divers,"Colonies (Saint-Domingue, Indes, îles fr de l'Amérique)",1200
export,La Rochelle,eau-de-vie et vins divers,Afrique,5400
export,La Rochelle,eau-de-vie et vins divers,Afrique,1100
export,La Rochelle,eau-de-vie et vins divers,"Colonies (Saint-Domingue, Indes, îles fr de l'Amérique)",5652
export,La Rochelle,eau-de-vie et vins divers,Afrique,39913
export,La Rochelle,eau-de-vie et vins divers,"Colonies (Saint-Domingue, Indes, îles fr de l'Amérique)",4919
export,La Rochelle,eau-de-vie et vins divers,Afrique,7370
export,La Rochelle,autres produits,"Colonies (Saint-Domingue, Indes, îles fr de l'Amérique)",38060
import,Les Sables d'Olonne,autres produits,Ports francs et petites îles,20
import,Les Sables d'Olonne,autres produits,Ports francs et petites îles,108
import,Les Sables d'Olonne,autres produits,Ports francs et petites îles,8398
import,La Rochelle,autres produits,"Colonies (Saint-Domingue, Indes, îles fr de l'Amérique)",3522
import,Les Sables d'Olonne,autres produits,Ports francs et petites îles,181
import,Les Sables d'Olonne,autres produits,Ports francs et petites îles,358
import,Les Sables d'Olonne,autres produits,Ports francs et petites îles,1193
import,Les Sables d'Olonne,sel,Ports francs et petites îles,6690
import,Les Sables d'Olonne,eau-de-vie et vins divers,Ports francs et petites îles,2790
import,Les Sables d'Olonne,eau-de-vie et vins divers,Ports francs et petites îles,22680
import,Les Sables d'Olonne,autres produits,Ports francs et petites îles,588
import,Aligre,autres produits,Ports francs et petites îles,37887.898
import,Aligre,autres produits,Grande Bretagne,5950
import,Aligre,"produit colonial ('Café', 'Sucre', 'Indigo', 'Coton non transformé')",Ports francs et petites îles,810
import,La Rochelle,"produit colonial ('Café', 'Sucre', 'Indigo', 'Coton non transformé')","Colonies (Saint-Domingue, Indes, îles fr de l'Amérique)",3588719
import,Aligre,autres produits,Ports francs et petites îles,732
import,Rochefort,"produit colonial ('Café', 'Sucre', 'Indigo', 'Coton non transformé')","Colonies (Saint-Domingue, Indes, îles fr de l'Amérique)",139482
import,Aligre,eau-de-vie et vins divers,Ports francs et petites îles,1233.75
import,Aligre,autres produits,Ports francs et petites îles,435.60001
import,Aligre,autres produits,Ports francs et petites îles,306
import,Aligre,autres produits,Europe,612.60004
import,Aligre,autres produits,Ports francs et petites îles,400
import,Aligre,autres produits,Ports francs et petites îles,675
import,Aligre,autres produits,Ports francs et petites îles,124
import,Aligre,autres produits,Ports francs et petites îles,13500.001
import,Aligre,autres produits,Ports francs et petites îles,251.10001
import,Aligre,autres produits,Ports francs et petites îles,18596
import,Aligre,autres produits,Ports francs et petites îles,150
import,Aligre,autres produits,Ports francs et petites îles,210
import,Aligre,eau-de-vie et vins divers,Ports francs et petites îles,260
import,Aligre,autres produits,Ports francs et petites îles,266
import,Aligre,autres produits,Ports francs et petites îles,804
import,Aligre,autres produits,Ports francs et petites îles,276
import,Aligre,autres produits,Ports francs et petites îles,305
import,Aligre,autres produits,Ports francs et petites îles,840
import,Aligre,autres produits,Ports francs et petites îles,425
import,Aligre,autres produits,Ports francs et petites îles,2787.5
import,Aligre,autres produits,Ports francs et petites îles,125
import,Aligre,autres produits,Ports francs et petites îles,13680
import,Aligre,autres produits,Ports francs et petites îles,1800
import,La Rochelle,"produit colonial ('Café', 'Sucre', 'Indigo', 'Coton non transformé')","Colonies (Saint-Domingue, Indes, îles fr de l'Amérique)",679373
import,Aligre,autres produits,Ports francs et petites îles,95143.203
import,Rochefort,"produit colonial ('Café', 'Sucre', 'Indigo', 'Coton non transformé')","Colonies (Saint-Domingue, Indes, îles fr de l'Amérique)",45523
import,Aligre,sel,Ports francs et petites îles,75306
import,Aligre,autres produits,Ports francs et petites îles,725
import,Aligre,eau-de-vie et vins divers,Ports francs et petites îles,400
import,Aligre,eau-de-vie et vins divers,Ports francs et petites îles,1995
import,Aligre,autres produits,Ports francs et petites îles,10038
import,Rochefort,autres produits,Europe,11215.75
import,Rochefort,autres produits,Ports francs et petites îles,616.20001
import,Rochefort,autres produits,Ports francs et petites îles,291
import,Rochefort,autres produits,Europe,109
import,Rochefort,autres produits,Grande Bretagne,5080
import,Rochefort,autres produits,Europe,47680
import,Rochefort,autres produits,Ports francs et petites îles,161453
import,Rochefort,autres produits,Europe,17100
import,Rochefort,autres produits,Europe,1767.5
import,Rochefort,autres produits,Europe,261500
import,Rochefort,autres produits,Europe,2880
import,Rochefort,autres produits,Europe,13200
import,Rochefort,autres produits,Ports francs et petites îles,2252.5
import,Rochefort,autres produits,Ports francs et petites îles,23718
import,Rochefort,autres produits,Europe,3786
import,La Rochelle,"produit colonial ('Café', 'Sucre', 'Indigo', 'Coton non transformé')","Colonies (Saint-Domingue, Indes, îles fr de l'Amérique)",766982
import,Rochefort,"produit colonial ('Café', 'Sucre', 'Indigo', 'Coton non transformé')","Colonies (Saint-Domingue, Indes, îles fr de l'Amérique)",1567
import,Rochefort,autres produits,Europe,8305
import,Rochefort,autres produits,Europe,7066
import,Rochefort,autres produits,Europe,65352
import,Rochefort,autres produits,Ports francs et petites îles,27775
import,Rochefort,autres produits,Ports francs et petites îles,32142
import,Rochefort,autres produits,Europe,360
import,Rochefort,autres produits,Europe,1212
import,Rochefort,autres produits,Grande Bretagne,34550
import,La Rochelle,autres produits,"Colonies (Saint-Domingue, Indes, îles fr de l'Amérique)",22588
import,Rochefort,autres produits,Europe,337.5
import,Rochefort,autres produits,Grande Bretagne,180
import,Rochefort,autres produits,Europe,180
import,Rochefort,autres produits,Ports francs et petites îles,600
import,Rochefort,autres produits,Ports francs et petites îles,130
import,Rochefort,autres produits,Ports francs et petites îles,1855
import,Rochefort,autres produits,Grande Bretagne,2260
import,Rochefort,autres produits,Ports francs et petites îles,1462
import,La Rochelle,"produit colonial ('Café', 'Sucre', 'Indigo', 'Coton non transformé')","Colonies (Saint-Domingue, Indes, îles fr de l'Amérique)",1038452
import,Rochefort,autres produits,Ports francs et petites îles,400
import,Rochefort,"produit colonial ('Café', 'Sucre', 'Indigo', 'Coton non transformé')","Colonies (Saint-Domingue, Indes, îles fr de l'Amérique)",33052
import,Rochefort,autres produits,Europe,1653
import,Rochefort,autres produits,Ports francs et petites îles,3138
import,Rochefort,autres produits,Europe,626
import,Rochefort,autres produits,Ports francs et petites îles,1128
import,Rochefort,autres produits,Ports francs et petites îles,120
import,Rochefort,autres produits,Ports francs et petites îles,355
import,Rochefort,autres produits,Grande Bretagne,12604
import,Rochefort,autres produits,Europe,470
import,Rochefort,autres produits,Europe,1172
import,Rochefort,autres produits,Europe,1260
import,Rochefort,autres produits,Grande Bretagne,3031
import,Rochefort,autres produits,Europe,6126.3999
import,Rochefort,"produit colonial ('Café', 'Sucre', 'Indigo', 'Coton non transformé')","Colonies (Saint-Domingue, Indes, îles fr de l'Amérique)",1055
import,Rochefort,autres produits,Grande Bretagne,9349
import,Rochefort,autres produits,Europe,282
import,Rochefort,autres produits,Europe,6820
import,Rochefort,autres produits,Grande Bretagne,3202.5002
import,Rochefort,autres produits,Ports francs et petites îles,120
import,La Rochelle,"produit colonial ('Café', 'Sucre', 'Indigo', 'Coton non transformé')","Colonies (Saint-Domingue, Indes, îles fr de l'Amérique)",894917
import,Rochefort,autres produits,Grande Bretagne,300
import,Rochefort,"produit colonial ('Café', 'Sucre', 'Indigo', 'Coton non transformé')","Colonies (Saint-Domingue, Indes, îles fr de l'Amérique)",137863
import,Rochefort,autres produits,Grande Bretagne,3860
import,Rochefort,autres produits,Grande Bretagne,1550
import,Rochefort,autres produits,Grande Bretagne,21303
import,Rochefort,autres produits,Ports francs et petites îles,4395
import,Rochefort,autres produits,Grande Bretagne,7809.0005
import,Rochefort,autres produits,Europe,13543.801
import,Rochefort,autres produits,Europe,11442
import,Rochefort,autres produits,Europe,7200.0005
import,Rochefort,autres produits,Ports francs et petites îles,4867.8003
import,Rochefort,autres produits,Europe,16590
import,Rochefort,autres produits,Europe,137525
import,Rochefort,autres produits,Europe,32219.252
import,Rochefort,autres produits,Europe,2093
import,Rochefort,autres produits,Europe,427.5
import,Rochefort,autres produits,Ports francs et petites îles,132
import,Rochefort,autres produits,Europe,99744.75
import,Rochefort,autres produits,Grande Bretagne,3479
import,La Rochelle,"produit colonial ('Café', 'Sucre', 'Indigo', 'Coton non transformé')","Colonies (Saint-Domingue, Indes, îles fr de l'Amérique)",39008
import,Rochefort,autres produits,Grande Bretagne,20013.6
import,Rochefort,autres produits,Grande Bretagne,9226
import,Rochefort,autres produits,Europe,11312
import,Rochefort,autres produits,Europe,3206.3999
import,Rochefort,autres produits,Europe,25038.002
import,Rochefort,autres produits,Grande Bretagne,1540
import,Rochefort,autres produits,Grande Bretagne,180
import,La Rochelle,autres produits,"Colonies (Saint-Domingue, Indes, îles fr de l'Amérique)",2544
import,Rochefort,autres produits,Ports francs et petites îles,30012.75
import,Rochefort,autres produits,Europe,9130.4004
import,Rochefort,autres produits,Ports francs et petites îles,12948.001
import,Rochefort,autres produits,Ports francs et petites îles,237.59999
import,Rochefort,autres produits,Europe,10800
import,Rochefort,autres produits,Ports francs et petites îles,200
import,Rochefort,autres produits,Europe,3816.0002
import,Rochefort,autres produits,Ports francs et petites îles,1005
import,Rochefort,autres produits,Ports francs et petites îles,199
import,Rochefort,autres produits,Ports francs et petites îles,315
import,Rochefort,autres produits,Grande Bretagne,330
import,Rochefort,autres produits,Europe,319
import,Rochefort,autres produits,Ports francs et petites îles,1800
import,Rochefort,autres produits,Grande Bretagne,1850
import,Rochefort,autres produits,Europe,300
import,Rochefort,autres produits,Europe,950
import,Rochefort,autres produits,Europe,584
import,Rochefort,autres produits,Ports francs et petites îles,120
import,Rochefort,autres produits,Grande Bretagne,68544.672
import,Rochefort,autres produits,Europe,372
import,Rochefort,autres produits,Europe,21323
import,Rochefort,autres produits,Ports francs et petites îles,9959.25
import,Rochefort,autres produits,Europe,178.5
import,La Rochelle,autres produits,"Colonies (Saint-Domingue, Indes, îles fr de l'Amérique)",810
import,Rochefort,autres produits,Europe,1182
import,Rochefort,autres produits,Ports francs et petites îles,147964
import,Rochefort,autres produits,Ports francs et petites îles,691.25
import,Rochefort,autres produits,Ports francs et petites îles,5208
import,Rochefort,autres produits,Grande Bretagne,15317.75
import,Rochefort,autres produits,Europe,47950
import,Rochefort,autres produits,Ports francs et petites îles,1063.5
import,Rochefort,eau-de-vie et vins divers,Ports francs et petites îles,160
import,Rochefort,eau-de-vie et vins divers,Ports francs et petites îles,300
import,Rochefort,eau-de-vie et vins divers,Europe,264
import,Rochefort,autres produits,Ports francs et petites îles,486
import,Saint-Martin-de-Ré,autres produits,Europe,120
import,Saint-Martin-de-Ré,autres produits,Grande Bretagne,5183.75
import,Saint-Martin-de-Ré,autres produits,Europe,1800
import,Saint-Martin-de-Ré,autres produits,Europe,1188
import,Saint-Martin-de-Ré,autres produits,Europe,12400
import,Saint-Martin-de-Ré,autres produits,Europe,1540
import,La Rochelle,autres produits,"Colonies (Saint-Domingue, Indes, îles fr de l'Amérique)",3330
import,Rochefort,autres produits,"Colonies (Saint-Domingue, Indes, îles fr de l'Amérique)",1431
import,Saint-Martin-de-Ré,autres produits,Europe,25.200001
import,Saint-Martin-de-Ré,autres produits,Europe,69103.203
import,Saint-Martin-de-Ré,autres produits,Europe,5200
import,Saint-Martin-de-Ré,autres produits,Europe,216
import,Saint-Martin-de-Ré,autres produits,Europe,1270
import,Saint-Martin-de-Ré,autres produits,Europe,180
import,Saint-Martin-de-Ré,autres produits,Europe,1260
import,Saint-Martin-de-Ré,autres produits,Ports francs et petites îles,457.50003
import,Saint-Martin-de-Ré,autres produits,Ports francs et petites îles,3487.5002
import,Saint-Martin-de-Ré,autres produits,Europe,11772
import,Saint-Martin-de-Ré,autres produits,Europe,1200
import,Saint-Martin-de-Ré,autres produits,Reste du monde (USA),12000
import,Saint-Martin-de-Ré,autres produits,Europe,1215
import,Saint-Martin-de-Ré,autres produits,Reste du monde (USA),3300.0002
import,Saint-Martin-de-Ré,autres produits,Europe,280.80002
import,Saint-Martin-de-Ré,autres produits,Europe,2860
import,Saint-Martin-de-Ré,autres produits,Europe,30240
import,Saint-Martin-de-Ré,autres produits,Grande Bretagne,1000
import,Saint-Martin-de-Ré,autres produits,Ports francs et petites îles,210
import,Saint-Martin-de-Ré,autres produits,Europe,123
import,La Rochelle,autres produits,"Colonies (Saint-Domingue, Indes, îles fr de l'Amérique)",13401
import,Saint-Martin-de-Ré,eau-de-vie et vins divers,Ports francs et petites îles,61405.777
import,Saint-Martin-de-Ré,autres produits,Reste du monde (USA),2680
import,Saint-Martin-de-Ré,autres produits,Europe,15750.001
import,Saint-Martin-de-Ré,autres produits,Europe,4950
import,Saint-Martin-de-Ré,autres produits,Ports francs et petites îles,2443.5
import,La Rochelle,eau-de-vie et vins divers,"Colonies (Saint-Domingue, Indes, îles fr de l'Amérique)",328
import,Saint-Martin-de-Ré,autres produits,Europe,5928.75
import,Rochefort,eau-de-vie et vins divers,"Colonies (Saint-Domingue, Indes, îles fr de l'Amérique)",7170
import,Saint-Martin-de-Ré,autres produits,Ports francs et petites îles,680
import,Saint-Martin-de-Ré,autres produits,Ports francs et petites îles,1360
import,Saint-Martin-de-Ré,autres produits,Ports francs et petites îles,11280
import,Saint-Martin-de-Ré,autres produits,Europe,570
import,Saint-Martin-de-Ré,autres produits,Grande Bretagne,450
import,Saint-Martin-de-Ré,autres produits,Europe,1370
import,Saint-Martin-de-Ré,autres produits,Europe,400
import,Saint-Martin-de-Ré,autres produits,Grande Bretagne,21502
import,Saint-Martin-de-Ré,autres produits,Europe,585
import,Saint-Martin-de-Ré,autres produits,Grande Bretagne,25010.799
import,Saint-Martin-de-Ré,autres produits,Ports francs et petites îles,5930.0996
import,La Rochelle,autres produits,"Colonies (Saint-Domingue, Indes, îles fr de l'Amérique)",159
import,Saint-Martin-de-Ré,autres produits,Europe,187.5
import,Saint-Martin-de-Ré,autres produits,Ports francs et petites îles,160
import,Saint-Martin-de-Ré,autres produits,Europe,1400
import,Saint-Martin-de-Ré,autres produits,Europe,120
import,Saint-Martin-de-Ré,autres produits,Ports francs et petites îles,202
import,Saint-Martin-de-Ré,autres produits,Ports francs et petites îles,144
import,La Rochelle,autres produits,"Colonies (Saint-Domingue, Indes, îles fr de l'Amérique)",1562
import,Saint-Martin-de-Ré,autres produits,Europe,3847.5002
import,Rochefort,autres produits,"Colonies (Saint-Domingue, Indes, îles fr de l'Amérique)",1073
import,Saint-Martin-de-Ré,autres produits,Europe,220
import,Saint-Martin-de-Ré,autres produits,Europe,360
import,Saint-Martin-de-Ré,autres produits,Europe,112.5
import,Saint-Martin-de-Ré,autres produits,Ports francs et petites îles,1960
import,Saint-Martin-de-Ré,autres produits,Reste du monde (USA),170
import,Saint-Martin-de-Ré,autres produits,Ports francs et petites îles,25558.201
import,Saint-Martin-de-Ré,autres produits,Europe,1260
import,Saint-Martin-de-Ré,autres produits,Europe,262.20001
import,Saint-Martin-de-Ré,autres produits,Europe,1126.7999
import,Saint-Martin-de-Ré,autres produits,Ports francs et petites îles,340
import,Saint-Martin-de-Ré,autres produits,Ports francs et petites îles,266
import,Saint-Martin-de-Ré,eau-de-vie et vins divers,Ports francs et petites îles,219
import,La Rochelle,autres produits,"Colonies (Saint-Domingue, Indes, îles fr de l'Amérique)",37710
import,Charente,autres produits,Grande Bretagne,500
import,Charente,autres produits,Ports francs et petites îles,4400
import,Charente,autres produits,Ports francs et petites îles,106
import,Charente,autres produits,Europe,100
import,Charente,autres produits,Ports francs et petites îles,8285
import,Charente,autres produits,Ports francs et petites îles,360
import,Charente,autres produits,Reste du monde (USA),17466.4
import,Charente,autres produits,Grande Bretagne,7290
import,Charente,autres produits,Grande Bretagne,8670
import,Charente,autres produits,Europe,330
import,Charente,eau-de-vie et vins divers,Ports francs et petites îles,7128
import,Charente,autres produits,Grande Bretagne,945
import,Charente,autres produits,Grande Bretagne,1039
import,Charente,autres produits,Grande Bretagne,232.5
import,Charente,autres produits,Ports francs et petites îles,357.35001
import,Charente,autres produits,Europe,3787.5
import,Charente,autres produits,Grande Bretagne,813.20001
import,Charente,autres produits,Europe,912
import,Charente,autres produits,Europe,1338
import,Charente,autres produits,Ports francs et petites îles,1296
import,La Rochelle,autres produits,"Colonies (Saint-Domingue, Indes, îles fr de l'Amérique)",4080
import,Charente,autres produits,Europe,71271.25
import,Rochefort,autres produits,"Colonies (Saint-Domingue, Indes, îles fr de l'Amérique)",72
import,Charente,autres produits,Europe,19926.27
import,Charente,autres produits,Europe,56218.785
import,Charente,autres produits,Europe,4705.9204
import,Charente,autres produits,Europe,1585.8
import,Charente,autres produits,Ports francs et petites îles,162
import,Charente,autres produits,Ports francs et petites îles,286
import,Charente,autres produits,Europe,7099
import,Charente,autres produits,Ports francs et petites îles,391
import,Charente,autres produits,Grande Bretagne,142
import,Charente,autres produits,Europe,112
import,Charente,autres produits,Europe,165
import,La Rochelle,autres produits,Afrique,47556
import,Charente,autres produits,Grande Bretagne,348
import,Charente,autres produits,Ports francs et petites îles,810
import,Charente,autres produits,Grande Bretagne,9645
import,Charente,autres produits,Ports francs et petites îles,167
import,Charente,autres produits,Grande Bretagne,160
import,Charente,autres produits,Europe,110
import,Charente,autres produits,Europe,130
import,Charente,sel,Ports francs et petites îles,98151
import,Charente,autres produits,Ports francs et petites îles,376
import,Charente,autres produits,Grande Bretagne,336
import,Charente,autres produits,Ports francs et petites îles,1490
import,Marennes,autres produits,Ports francs et petites îles,4840
import,Marennes,autres produits,Europe,7480
import,Marennes,autres produits,Grande Bretagne,8500
import,Marennes,autres produits,Ports francs et petites îles,2220
import,Marennes,autres produits,Ports francs et petites îles,5595
import,Marennes,autres produits,Ports francs et petites îles,21
import,La Rochelle,autres produits,Europe,5106.3003
import,La Rochelle,autres produits,Ports francs et petites îles,120
import,La Rochelle,autres produits,Ports francs et petites îles,7241.4004
import,La Rochelle,autres produits,Europe,750
import,La Rochelle,autres produits,Ports francs et petites îles,4980
import,La Rochelle,autres produits,Europe,7263
import,La Rochelle,autres produits,Reste du monde (USA),1608
import,La Rochelle,autres produits,Grande Bretagne,17116.5
import,La Rochelle,autres produits,Europe,2892.75
import,La Rochelle,autres produits,Ports francs et petites îles,280
import,La Rochelle,autres produits,Europe,1910
import,La Rochelle,autres produits,Europe,34.722221
import,La Rochelle,autres produits,Europe,12910
import,La Rochelle,autres produits,Europe,2784
import,La Rochelle,autres produits,Europe,1614
import,La Rochelle,autres produits,Europe,400
import,La Rochelle,autres produits,Ports francs et petites îles,62435.402
import,La Rochelle,autres produits,Europe,673.20001
import,La Rochelle,autres produits,Europe,351.60001
import,La Rochelle,autres produits,Europe,11760
import,La Rochelle,autres produits,Ports francs et petites îles,1710
import,La Rochelle,autres produits,Europe,135
import,La Rochelle,autres produits,Europe,180
import,La Rochelle,autres produits,Ports francs et petites îles,894
import,La Rochelle,autres produits,Ports francs et petites îles,300
import,La Rochelle,autres produits,Europe,1500
import,La Rochelle,autres produits,Europe,6000
import,La Rochelle,autres produits,Ports francs et petites îles,9375
import,La Rochelle,autres produits,Europe,720
import,La Rochelle,autres produits,Europe,540
import,La Rochelle,autres produits,Europe,1050
import,La Rochelle,autres produits,Europe,6000
import,La Rochelle,autres produits,Europe,170.40001
import,La Rochelle,autres produits,Europe,150
import,La Rochelle,autres produits,Europe,100
import,La Rochelle,autres produits,Europe,153.60001
import,La Rochelle,autres produits,Ports francs et petites îles,234
import,La Rochelle,autres produits,Europe,2160
import,La Rochelle,autres produits,Europe,120.00001
import,La Rochelle,"produit colonial ('Café', 'Sucre', 'Indigo', 'Coton non transformé')",Ports francs et petites îles,1426.8
import,La Rochelle,"produit colonial ('Café', 'Sucre', 'Indigo', 'Coton non transformé')",Ports francs et petites îles,14191.5
import,La Rochelle,"produit colonial ('Café', 'Sucre', 'Indigo', 'Coton non transformé')",Ports francs et petites îles,700
import,La Rochelle,autres produits,Europe,57199
import,La Rochelle,autres produits,Ports francs et petites îles,300
import,La Rochelle,autres produits,Ports francs et petites îles,1639.8
import,La Rochelle,autres produits,Ports francs et petites îles,3255.0002
import,La Rochelle,autres produits,Grande Bretagne,310609.5
import,La Rochelle,autres produits,Grande Bretagne,7339.1499
import,La Rochelle,autres produits,Ports francs et petites îles,241.14999
import,La Rochelle,autres produits,Europe,38675
import,La Rochelle,autres produits,Europe,42243.598
import,La Rochelle,autres produits,Grande Bretagne,16080
import,La Rochelle,autres produits,Europe,705
import,La Rochelle,autres produits,Europe,180
import,La Rochelle,autres produits,Ports francs et petites îles,66000
import,La Rochelle,autres produits,Ports francs et petites îles,2484.8899
import,La Rochelle,autres produits,Ports francs et petites îles,112.5
import,La Rochelle,autres produits,Ports francs et petites îles,21276
import,La Rochelle,"produit colonial ('Café', 'Sucre', 'Indigo', 'Coton non transformé')",Ports francs et petites îles,37408
import,La Rochelle,"produit colonial ('Café', 'Sucre', 'Indigo', 'Coton non transformé')",Ports francs et petites îles,3328
import,La Rochelle,autres produits,Grande Bretagne,154
import,La Rochelle,autres produits,Europe,3045
import,La Rochelle,autres produits,Ports francs et petites îles,192
import,La Rochelle,autres produits,Grande Bretagne,7552.9995
import,La Rochelle,autres produits,Europe,14186.899
import,La Rochelle,autres produits,Ports francs et petites îles,246.40001
import,La Rochelle,autres produits,Europe,8000
import,La Rochelle,autres produits,Grande Bretagne,4770
import,La Rochelle,autres produits,Ports francs et petites îles,6719
import,La Rochelle,autres produits,Europe,1664
import,La Rochelle,autres produits,Ports francs et petites îles,16244
import,La Rochelle,autres produits,Ports francs et petites îles,1620
import,La Rochelle,autres produits,Ports francs et petites îles,1375.2001
import,La Rochelle,autres produits,Ports francs et petites îles,1016.5
import,La Rochelle,autres produits,Ports francs et petites îles,2117
import,La Rochelle,autres produits,Europe,422
import,La Rochelle,autres produits,Ports francs et petites îles,1048.95
import,La Rochelle,autres produits,Grande Bretagne,1365
import,La Rochelle,autres produits,Grande Bretagne,300
import,La Rochelle,autres produits,Europe,5632.8003
import,La Rochelle,autres produits,Grande Bretagne,1040
import,La Rochelle,autres produits,Ports francs et petites îles,1173
import,La Rochelle,autres produits,Ports francs et petites îles,796
import,La Rochelle,eau-de-vie et vins divers,Ports francs et petites îles,129536.35
import,La Rochelle,autres produits,Grande Bretagne,508
import,La Rochelle,autres produits,Europe,1240
import,La Rochelle,autres produits,Ports francs et petites îles,144
import,La Rochelle,autres produits,Grande Bretagne,6360
import,La Rochelle,autres produits,Grande Bretagne,2529
import,La Rochelle,autres produits,Europe,300
import,La Rochelle,autres produits,Reste du monde (USA),4580
import,La Rochelle,autres produits,Ports francs et petites îles,403
import,La Rochelle,autres produits,Grande Bretagne,8220
import,La Rochelle,autres produits,Ports francs et petites îles,1600
import,La Rochelle,autres produits,Ports francs et petites îles,1230.75
import,La Rochelle,autres produits,Ports francs et petites îles,225
import,La Rochelle,autres produits,Grande Bretagne,52496
import,La Rochelle,autres produits,Grande Bretagne,564
import,La Rochelle,autres produits,Europe,2375.4001
import,La Rochelle,autres produits,Europe,7085
import,La Rochelle,autres produits,Europe,6122
import,La Rochelle,autres produits,Europe,377
import,La Rochelle,autres produits,Europe,600
import,La Rochelle,autres produits,Grande Bretagne,210.00002
import,La Rochelle,autres produits,Europe,459.00003
import,La Rochelle,autres produits,Grande Bretagne,175
import,La Rochelle,autres produits,Europe,68695
import,La Rochelle,autres produits,Ports francs et petites îles,1962
import,La Rochelle,autres produits,Europe,150
import,La Rochelle,autres produits,Ports francs et petites îles,390
import,La Rochelle,autres produits,Ports francs et petites îles,4600
import,La Rochelle,autres produits,Ports francs et petites îles,1377
import,La Rochelle,autres produits,Ports francs et petites îles,243
import,La Rochelle,autres produits,Europe,243
import,La Rochelle,autres produits,Europe,7155
import,La Rochelle,autres produits,Europe,594
import,La Rochelle,autres produits,Ports francs et petites îles,853
import,La Rochelle,autres produits,Europe,156750
import,La Rochelle,autres produits,Europe,126012.5
import,La Rochelle,autres produits,Ports francs et petites îles,5460
import,La Rochelle,autres produits,Grande Bretagne,9600
import,La Rochelle,autres produits,Europe,24854
import,La Rochelle,autres produits,Europe,23630
import,La Rochelle,autres produits,Ports francs et petites îles,4815.9004
import,La Rochelle,autres produits,Ports francs et petites îles,900.00006
import,La Rochelle,autres produits,Europe,5859.3003
import,La Rochelle,autres produits,Reste du monde (USA),5707.5
import,La Rochelle,autres produits,Ports francs et petites îles,240
import,La Rochelle,autres produits,Europe,418.5
import,La Rochelle,autres produits,Ports francs et petites îles,6020
import,La Rochelle,autres produits,Europe,5532.1001
import,La Rochelle,autres produits,Ports francs et petites îles,83814.297
import,La Rochelle,autres produits,Grande Bretagne,432
import,La Rochelle,autres produits,Europe,100
import,La Rochelle,autres produits,Europe,5200
import,La Rochelle,autres produits,Europe,120
import,La Rochelle,autres produits,Ports francs et petites îles,396
import,La Rochelle,autres produits,Ports francs et petites îles,192
import,La Rochelle,autres produits,Europe,190
import,La Rochelle,autres produits,Ports francs et petites îles,933
import,La Rochelle,autres produits,Ports francs et petites îles,921
import,La Rochelle,autres produits,Grande Bretagne,286
import,La Rochelle,autres produits,Europe,489
import,La Rochelle,autres produits,Europe,153
import,La Rochelle,autres produits,Ports francs et petites îles,394
import,La Rochelle,autres produits,Grande Bretagne,1024
import,La Rochelle,autres produits,Europe,2575
import,La Rochelle,autres produits,Ports francs et petites îles,2056
import,La Rochelle,autres produits,Europe,166
import,La Rochelle,autres produits,Europe,34770
import,La Rochelle,autres produits,Europe,100
import,La Rochelle,autres produits,Europe,485
import,La Rochelle,autres produits,Europe,940
import,La Rochelle,autres produits,Europe,1960
import,La Rochelle,autres produits,Ports francs et petites îles,1620
import,La Rochelle,autres produits,Europe,529.60004
import,La Rochelle,autres produits,Ports francs et petites îles,4200
import,La Rochelle,autres produits,Reste du monde (USA),420
import,La Rochelle,autres produits,Europe,71236
import,La Rochelle,autres produits,Europe,27162
import,La Rochelle,autres produits,Europe,114
import,La Rochelle,autres produits,Ports francs et petites îles,2664
import,La Rochelle,autres produits,Europe,880
import,La Rochelle,autres produits,Europe,233.5
import,La Rochelle,autres produits,Ports francs et petites îles,1500
import,La Rochelle,autres produits,Grande Bretagne,26604.9
import,La Rochelle,autres produits,Europe,21199.801
import,La Rochelle,autres produits,Ports francs et petites îles,405
import,La Rochelle,autres produits,Europe,6225
import,La Rochelle,autres produits,Europe,675
import,La Rochelle,autres produits,Ports francs et petites îles,5274.8501
import,La Rochelle,autres produits,Europe,672.34998
import,La Rochelle,autres produits,Europe,2180
import,La Rochelle,autres produits,Grande Bretagne,277
import,La Rochelle,autres produits,Grande Bretagne,560
import,La Rochelle,autres produits,Ports francs et petites îles,785296.19
import,La Rochelle,sel,Ports francs et petites îles,14209
import,La Rochelle,autres produits,Ports francs et petites îles,9274.75
import,La Rochelle,autres produits,Ports francs et petites îles,3007.8
import,La Rochelle,autres produits,Ports francs et petites îles,130.89999
import,La Rochelle,autres produits,Europe,891.09998
import,La Rochelle,autres produits,Ports francs et petites îles,405
import,La Rochelle,autres produits,Ports francs et petites îles,1881
import,La Rochelle,autres produits,Grande Bretagne,6525.75
import,La Rochelle,autres produits,Ports francs et petites îles,360
import,La Rochelle,autres produits,Grande Bretagne,225
import,La Rochelle,autres produits,Ports francs et petites îles,9660
import,La Rochelle,autres produits,Ports francs et petites îles,2240
import,La Rochelle,autres produits,Ports francs et petites îles,1152
import,La Rochelle,autres produits,Ports francs et petites îles,288
import,La Rochelle,autres produits,Europe,100161.6
import,La Rochelle,autres produits,Ports francs et petites îles,340
import,La Rochelle,autres produits,Ports francs et petites îles,8793
import,La Rochelle,autres produits,Europe,153
import,La Rochelle,eau-de-vie et vins divers,Ports francs et petites îles,2918
import,La Rochelle,eau-de-vie et vins divers,Ports francs et petites îles,462
import,La Rochelle,autres produits,Ports francs et petites îles,2830
import,La Rochelle,autres produits,Ports francs et petites îles,2983
import,La Rochelle,eau-de-vie et vins divers,Ports francs et petites îles,255
